source,count
google.com.br,114491
indiegogo.com,58317
amazon.co.jp,20059
cnet.com,18489
xrea.com,15336
theguardian.com,12043
fema.gov,3875
boston.com,3477
twitpic.com,1746
soundcloud.com,1244
flavors.me,1027
loc.gov,813
histats.com,532
cnn.com,496
123-reg.co.uk,317
dailymail.co.uk,295
oaic.gov.au,292
msu.edu,291
si.edu,240
skyrock.com,204
examiner.com,201
sciencedirect.com,196
wunderground.com,192
berkeley.edu,191
blogs.com,187
geocities.jp,179
abc.net.au,172
nhs.uk,167
diigo.com,163
rakuten.co.jp,108
creativecommons.org,96
bigcartel.com,96
amazon.co.uk,96
discovery.com,90
google.it,86
senate.gov,84
google.co.jp,81
instagram.com,79
opensource.org,71
businessinsider.com,66
kickstarter.com,63
slashdot.org,62
godaddy.com,59
intel.com,54
irs.gov,54
hugedomains.com,51
youtu.be,49
ehow.com,48
elegantthemes.com,48
tripadvisor.com,48
walmart.com,47
artisteer.com,46
wufoo.com,45
com.com,45
mozilla.org,44
apache.org,44
oakley.com,43
weather.com,42
biblegateway.com,41
mlb.com,41
microsoft.com,40
behance.net,40
prweb.com,40
lycos.com,40
cyberchimps.com,39
harvard.edu,38
is.gd,38
samsung.com,37
constantcontact.com,32
pen.io,31
timesonline.co.uk,31
weibo.com,30
vk.com,29
theatlantic.com,29
trellian.com,29
telegraph.co.uk,28
skype.com,27
parallels.com,26
google.com.au,26
bizjournals.com,26
techcrunch.com,25
aboutads.info,25
cafepress.com,25
elpais.com,25
delicious.com,24
macromedia.com,23
scribd.com,23
4shared.com,22
cdbaby.com,22
stumbleupon.com,22
ask.com,22
ft.com,22
narod.ru,22
lulu.com,22
sakura.ne.jp,21
technorati.com,20
seattletimes.com,19
deviantart.com,19
ezinearticles.com,18
opera.com,18
furl.net,17
hp.com,16
springer.com,16
devhub.com,16
phpbb.com,15
google.de,15
accuweather.com,15
nymag.com,15
cargocollective.com,15
archive.org,15
cdc.gov,14
independent.co.uk,13
squidoo.com,13
canalblog.com,13
vistaprint.com,13
cloudflare.com,13
ebay.com,12
youtube.com,12
list-manage.com,12
zimbio.com,12
uiuc.edu,12
over-blog.com,11
paginegialle.it,11
bing.com,11
e-recht24.de,11
cnbc.com,10
photobucket.com,10
va.gov,10
surveymonkey.com,10
hhs.gov,10
globo.com,10
google.ru,10
who.int,10
reference.com,9
exblog.jp,9
cpanel.net,9
imageshack.us,8
altervista.org,8
state.gov,8
meetup.com,7
netlog.com,7
freewebs.com,7
amazonaws.com,7
blogspot.com,7
wikispaces.com,7
addthis.com,7
webeden.co.uk,7
alibaba.com,7
utexas.edu,7
dedecms.com,7
mapy.cz,7
zdnet.com,7
jimdo.com,6
blinklist.com,6
go.com,6
upenn.edu,6
1und1.de,6
edublogs.org,6
japanpost.jp,6
admin.ch,6
psu.edu,6
sohu.com,6
wikia.com,6
ed.gov,6
ox.ac.uk,5
netscape.com,5
etsy.com,5
google.fr,5
latimes.com,5
sbwire.com,5
china.com.cn,5
networkadvertising.org,5
hibu.com,5
imdb.com,5
europa.eu,5
engadget.com,5
goo.gl,4
statcounter.com,4
jiathis.com,4
cornell.edu,4
smh.com.au,4
weebly.com,4
dion.ne.jp,4
sina.com.cn,4
nbcnews.com,4
mayoclinic.com,4
nydailynews.com,3
rediff.com,3
chron.com,3
foxnews.com,3
163.com,3
adobe.com,3
usatoday.com,3
ning.com,3
hao123.com,3
census.gov,3
sciencedaily.com,3
paypal.com,3
reddit.com,3
pagesperso-orange.fr,3
woothemes.com,3
unblog.fr,3
icq.com,3
digg.com,2
amazon.com,2
mit.edu,2
desdev.cn,2
wired.com,2
huffingtonpost.com,2
studiopress.com,2
toplist.cz,2
smugmug.com,2
illinois.edu,2
buzzfeed.com,2
clickbank.net,2
sogou.com,2
flickr.com,2
last.fm,2
mac.com,2
disqus.com,2
seesaa.net,2
networksolutions.com,2
google.nl,1
dropbox.com,1
mashable.com,1
shareasale.com,1
wordpress.org,1
twitter.com,1
facebook.com,1
tuttocitta.it,1
cocolog-nifty.com,1
whitehouse.gov,1
vimeo.com,1
nifty.com,1
java.com,1
unesco.org,1
360.cn,1
comcast.net,1
nature.com,1
ameblo.jp,1
plala.or.jp,1
qq.com,1
ebay.co.uk,1
themeforest.net,1
typepad.com,1
npr.org,1
homestead.com,1
barnesandnoble.com,1
biglobe.ne.jp,1
goodreads.com,1
reverbnation.com,1
mtv.com,1
wsj.com,1
dailymotion.com,1
fc2.com,1
ucoz.com,1
yellowpages.com,1
ovh.net,1
state.tx.us,1
ucla.edu,1
jalbum.net,1
github.com,1
